user_id,email,password_hash,role,created_at,last_login,status
62275e2b-8f68-4072-ad98-4856f86b6701,marketing@vinamilk.vn,$2b$12$hash_brand_0,BRAND,2024-05-11 15:46:46,2025-02-13 05:40:50,ACTIVE
d79d2401-e4b4-4858-9df3-1a6f58a9ad05,ads@thmilk.vn,$2b$12$hash_brand_1,BRAND,2023-01-20 10:14:03,2025-10-15 23:45:05,ACTIVE
a2e7413a-6252-47d6-8f38-3bfdf51d0cb5,brand@highlands.vn,$2b$12$hash_brand_2,BRAND,2023-08-02 14:55:05,2025-04-06 02:33:27,ACTIVE
6f0246a6-5550-456f-80ef-a5197f404a96,creative@phuclong.vn,$2b$12$hash_brand_3,BRAND,2023-06-23 08:56:59,2025-02-24 04:35:15,ACTIVE
2b2346ba-3d92-48eb-99a4-a8aea0d1d6b8,media@sunhouse.vn,$2b$12$hash_brand_4,BRAND,2023-03-21 14:38:54,2025-09-20 19:17:46,ACTIVE
ed41bc1e-4407-405a-9053-8f53d7e9b4c3,promo@bitis.vn,$2b$12$hash_brand_5,BRAND,2024-02-28 14:22:08,2025-02-03 18:19:43,ACTIVE
adec7b3a-412a-4bfa-982b-e9a2324d78bb,brand@cellphones.vn,$2b$12$hash_brand_6,BRAND,2024-04-03 15:34:41,2025-06-13 20:35:47,ACTIVE
73b4563b-d293-4887-96ea-d53654fd158e,digital@thegioididong.vn,$2b$12$hash_brand_7,BRAND,2023-01-25 16:28:19,2025-01-12 13:43:48,ACTIVE
fd418d70-4726-4809-8885-499bc6e7ecd1,mkt@fptshop.vn,$2b$12$hash_brand_8,BRAND,2023-03-14 18:36:21,2025-03-26 21:51:13,ACTIVE
81243cd7-0a89-4a0e-b6de-ca99cd983ba9,ads@coolmate.vn,$2b$12$hash_brand_9,BRAND,2023-06-30 17:06:48,2025-07-16 06:15:09,ACTIVE
f0f83fac-d969-4528-b17e-0e3d12983ec4,hello@dentsuone.vn,$2b$12$hash_agency_0,AGENCY,2023-01-21 14:39:58,2025-10-04 23:10:59,ACTIVE
c069ecaf-279a-4ba9-8a70-64598e7b492e,contact@leoburnett.vn,$2b$12$hash_agency_1,AGENCY,2023-06-04 10:36:08,2025-11-08 09:21:43,ACTIVE
d0dcd863-ce8b-4261-95cb-03a557cf3376,info@ogilvyvn.vn,$2b$12$hash_agency_2,AGENCY,2024-02-28 06:26:43,2025-08-10 22:12:29,ACTIVE
4c607316-2193-480e-b42d-ffa57e8739ff,biz@publicisgroupe.vn,$2b$12$hash_agency_3,AGENCY,2023-06-21 05:18:39,2025-08-22 10:55:54,ACTIVE
3b5de7f0-c942-44b1-9654-e38710833852,team@wearesocial.vn,$2b$12$hash_agency_4,AGENCY,2023-08-05 01:51:02,2025-03-03 12:34:22,ACTIVE
e50a7060-6e0f-466b-a31b-fc874566a945,projects@adsvietnam.vn,$2b$12$hash_agency_5,AGENCY,2023-05-05 00:15:55,2025-11-27 03:07:50,ACTIVE
f1812291-efc1-4972-91e2-2588101f5660,booking@creativejuice.vn,$2b$12$hash_agency_6,AGENCY,2023-11-25 06:06:12,2025-07-11 03:21:52,ACTIVE
0091924c-b773-4c2a-a64d-a49f0babc108,ops@redsquarevn.vn,$2b$12$hash_agency_7,AGENCY,2023-08-04 19:53:50,2025-04-30 09:10:26,ACTIVE
d9b6cb85-b36e-49bd-927a-9159ab39df97,duc.tran@gmail.com,$2b$12$hash_dir_0,DIRECTOR,2023-08-15 05:44:21,2025-10-24 12:16:51,ACTIVE
3e805d41-4c84-47ae-9d47-50fb27feb134,hoangnam.dir@gmail.com,$2b$12$hash_dir_1,DIRECTOR,2023-11-17 10:34:37,2025-02-09 16:40:07,ACTIVE
2a38e28a-4060-46c9-bbf3-6c3e6540667e,baole.film@gmail.com,$2b$12$hash_dir_2,DIRECTOR,2023-05-12 00:54:28,2025-05-28 13:10:44,ACTIVE
eed79ceb-f6df-440a-be1f-f6da8bdd1892,tungthanh.dp@gmail.com,$2b$12$hash_dir_3,DIRECTOR,2023-05-15 02:55:26,2025-05-20 09:55:49,ACTIVE
d88f1163-f2fd-4bc4-b1b5-089a5babfee1,yenvo.cinema@gmail.com,$2b$12$hash_dir_4,DIRECTOR,2023-11-23 03:47:57,2025-08-23 11:08:04,ACTIVE
7b6eb24a-dd06-4950-b0bf-d1924081e77f,khoado.prod@gmail.com,$2b$12$hash_dir_5,DIRECTOR,2023-09-22 11:01:34,2025-01-17 20:59:14,ACTIVE
f367c0f5-b410-4aec-b1cf-0fc74a4ab493,chauminh.dir@gmail.com,$2b$12$hash_dir_6,DIRECTOR,2024-02-20 20:18:01,2025-07-28 06:00:29,ACTIVE
0426106b-2aa8-4364-b3de-a44cf15dde9c,lanthi.film@gmail.com,$2b$12$hash_dir_7,DIRECTOR,2023-06-05 22:55:41,2025-05-28 00:11:46,ACTIVE
3953459c-ad86-4373-b536-0786480c9823,huyngo.director@gmail.com,$2b$12$hash_dir_8,DIRECTOR,2023-05-01 04:56:31,2025-08-03 09:23:29,ACTIVE
3990df71-5528-4679-9458-dce955d4f1b7,phongdinh.dp@gmail.com,$2b$12$hash_dir_9,DIRECTOR,2023-10-14 17:14:21,2025-09-02 03:20:51,ACTIVE
1be2b58f-c563-4cf5-9952-ce84fe0471da,nhungly.creative@gmail.com,$2b$12$hash_dir_10,DIRECTOR,2024-06-23 10:02:37,2025-05-21 10:40:57,ACTIVE
843d4bf5-a5a0-475f-b880-0841a7bfece6,kiendang.film@gmail.com,$2b$12$hash_dir_11,DIRECTOR,2024-05-22 10:37:26,2025-03-16 16:15:34,ACTIVE
509f22e9-8c10-44d3-a848-d844d62edfe9,truongmai.dir@gmail.com,$2b$12$hash_dir_12,DIRECTOR,2024-08-29 06:10:15,2025-01-28 00:18:03,ACTIVE
2d8c38f1-5780-46c6-b704-ff10d05b0608,anhphan.cinema@gmail.com,$2b$12$hash_dir_13,DIRECTOR,2023-04-05 14:13:42,2025-09-14 19:25:15,ACTIVE
43f4b298-ef7d-4bf4-974d-47e6a63c31ec,havu.dp@gmail.com,$2b$12$hash_dir_14,DIRECTOR,2023-08-25 00:19:54,2025-10-28 05:31:09,ACTIVE
967f8e12-2b81-4898-a9cd-b8159638e514,linhchi.beauty@gmail.com,$2b$12$hash_kol_0,KOL,2024-01-11 18:34:57,2025-06-16 11:51:27,ACTIVE
9ea7f30b-f47d-4c2d-b367-5b84a902ca77,ducphuc.music@gmail.com,$2b$12$hash_kol_1,KOL,2023-11-28 19:32:11,2025-11-16 06:06:23,ACTIVE
1e3d08ed-12e4-4c7e-a6c1-74c586bc916b,hamy.lifestyle@gmail.com,$2b$12$hash_kol_2,KOL,2023-08-18 10:48:11,2025-08-13 19:30:59,ACTIVE
f651c11c-c5bb-460d-a987-8c9836713d28,quangdai.fashion@gmail.com,$2b$12$hash_kol_3,KOL,2024-01-02 21:48:12,2025-08-28 01:02:42,ACTIVE
6f52b1ff-7871-4f45-9d04-39264232c869,thanhthanh.food@gmail.com,$2b$12$hash_kol_4,KOL,2024-10-06 18:01:00,2025-11-09 23:14:10,ACTIVE
cd4abdf5-22f2-4f9e-9998-f52dc8ce0213,minhtu.model@gmail.com,$2b$12$hash_kol_5,KOL,2024-03-10 08:57:53,2025-07-02 14:01:22,ACTIVE
bf919cd6-aacf-4aa0-a479-684b9dc79153,tuanhung.sports@gmail.com,$2b$12$hash_kol_6,KOL,2024-03-14 12:40:24,2025-08-08 23:40:53,ACTIVE
1cf3a9cb-2d38-4c43-859b-31c77ffd1bb6,ngoctrinh.beauty@gmail.com,$2b$12$hash_kol_7,KOL,2023-11-10 17:29:38,2025-10-09 03:14:33,ACTIVE
9ed9e8dc-285d-4e7f-955c-3ba9df09ad99,sontung.music@gmail.com,$2b$12$hash_kol_8,KOL,2023-12-25 08:49:38,2025-10-15 06:43:10,ACTIVE
6af20bfb-f2e3-42ef-9e85-eed7dfcf6256,phuongly.music@gmail.com,$2b$12$hash_kol_9,KOL,2024-11-12 22:15:07,2025-10-04 20:03:49,ACTIVE
6cb4804b-844c-4f68-885f-6d2817c9d5e3,chaubui.fashion@gmail.com,$2b$12$hash_kol_10,KOL,2023-07-26 11:02:21,2025-09-27 06:45:22,ACTIVE
60066034-b655-47a1-817a-f6f2d3ff2fb4,ndln.celeb@gmail.com,$2b$12$hash_kol_11,KOL,2024-10-06 04:51:11,2025-07-04 05:33:50,ACTIVE
5735d942-52a3-4900-8ed3-6635e5df6169,huytran.fitness@gmail.com,$2b$12$hash_kol_12,KOL,2024-07-19 21:05:20,2025-10-20 13:58:37,ACTIVE
13647c17-477c-4458-a405-5ea96a14fbf5,anphuong.travel@gmail.com,$2b$12$hash_kol_13,KOL,2023-12-08 03:36:23,2025-07-02 17:30:38,ACTIVE
cea6d21d-bef8-437b-a7e5-be8461bd9aa4,khanhvy.edu@gmail.com,$2b$12$hash_kol_14,KOL,2024-05-25 01:09:17,2025-08-13 16:23:25,ACTIVE
92560ca8-a15d-41e5-b79d-00468d416dd5,giangoi.lifestyle@gmail.com,$2b$12$hash_kol_15,KOL,2023-12-27 16:11:31,2025-11-27 16:38:07,ACTIVE
6eecac86-4e27-4869-b672-c7cb7ec62c4c,pewpew.gaming@gmail.com,$2b$12$hash_kol_16,KOL,2024-10-10 02:27:36,2025-10-12 15:04:01,ACTIVE
0516d582-0010-467d-874d-312bcd301677,domixi.gaming@gmail.com,$2b$12$hash_kol_17,KOL,2024-08-06 14:17:44,2025-07-13 15:28:51,ACTIVE
6cd09591-2679-4ce0-81df-10c44d1bedc2,lebong.food@gmail.com,$2b$12$hash_kol_18,KOL,2024-11-13 18:08:04,2025-08-02 23:16:01,ACTIVE
64ff4cbc-f7c6-454d-b46f-d1a5515e89f7,quynhtran.food@gmail.com,$2b$12$hash_kol_19,KOL,2023-07-14 10:45:32,2025-07-15 11:26:28,ACTIVE
c72f40b2-29a8-4e39-82e8-a7437db99bff,admin@alien.vn,$2b$12$hash_admin_0,ADMIN,2023-01-02 13:23:58,2025-10-31 15:03:31,ACTIVE
b6229bb0-8477-4f50-9a21-e56b0282d1be,superadmin@alien.vn,$2b$12$hash_admin_1,ADMIN,2023-01-20 11:23:27,2025-10-26 23:52:53,ACTIVE
b0b6a8e0-94b1-4d01-9d93-e6a983db6ddc,fraud@fakebrand.vn,$2b$12$hash_outlier_0,BRAND,2024-01-07 10:13:50,2024-03-11 05:48:46,SUSPENDED
90673eba-2cbe-4e02-9744-5ea465815ae2,pending.kol@gmail.com,$2b$12$hash_outlier_1,KOL,2025-09-28 12:48:45,,PENDING
88fb1e35-fc3f-4985-ab50-d178ac000e87,banned.director@gmail.com,$2b$12$hash_outlier_2,DIRECTOR,2023-08-25 02:05:04,2024-01-16 06:37:34,SUSPENDED
0237f9d0-b4ac-4dfa-b18b-cea8f94c04ac,newagency@startup.vn,$2b$12$hash_outlier_3,AGENCY,2025-11-06 03:51:50,,PENDING
