metric_id,kol_id,platform,handle_url,follower_count,avg_engagement_rate,last_updated
74cf024e-d742-4f26-95ea-895dc1dff450,e9e2386b-12df-40e1-bf15-b223c2f20dcf,YOUTUBE,https://youtube.com/@linhchi,3704634,0.58,2025-10-16 10:46:40
fdf85ede-4ec8-4a73-93c3-e99697575ed4,e9e2386b-12df-40e1-bf15-b223c2f20dcf,INSTAGRAM,https://instagram.com/@linhchi,10598150,1.18,2025-06-14 02:06:29
88432137-eb2c-4101-837e-15bc7a2c6937,d8da0b21-400a-4d94-880b-55e58475fcda,INSTAGRAM,https://instagram.com/@đứcphúc,8636108,3.24,2025-10-08 21:39:44
9869fd1a-1f77-4e11-bff2-6f37435df2c1,d8da0b21-400a-4d94-880b-55e58475fcda,TIKTOK,https://tiktok.com/@đứcphúc,8153903,2.96,2025-06-26 16:37:04
2f8fb701-8866-417c-91ca-3492d9636578,2871ad29-3c28-445d-a0d7-6a14b1382708,FACEBOOK,https://facebook.com/@hàmy,3204548,1.58,2025-10-06 23:04:55
b5f714f8-563a-42aa-909a-740665dc2561,2871ad29-3c28-445d-a0d7-6a14b1382708,TIKTOK,https://tiktok.com/@hàmy,7241838,4.57,2025-08-19 19:52:31
8630b55d-441f-4461-a931-a6ef60a38cb5,2871ad29-3c28-445d-a0d7-6a14b1382708,YOUTUBE,https://youtube.com/@hàmy,7845373,10.43,2025-06-11 12:27:21
0fecd5c0-e48c-4dbb-ba99-a57b90790aae,2871ad29-3c28-445d-a0d7-6a14b1382708,INSTAGRAM,https://instagram.com/@hàmy,11307182,8.01,2025-10-04 11:24:57
609e5bcd-c012-426a-9e69-7b510f4108c7,1c77e819-af92-4328-aa42-c5ae089c7cbf,TIKTOK,https://tiktok.com/@quangđại,12227396,4.4,2025-11-15 07:41:06
4841bb08-2549-412a-9efa-e1d42d7fb7c8,1c77e819-af92-4328-aa42-c5ae089c7cbf,YOUTUBE,https://youtube.com/@quangđại,1843230,3.36,2025-07-07 22:26:15
12a5ebf2-6faf-4a7d-90fc-009cf62e9358,a436b31b-6a24-4016-a393-22de443ff46e,FACEBOOK,https://facebook.com/@thanhthanh,4683212,5.82,2025-11-17 19:23:59
c58bd8b6-1fae-4992-beef-0d5ff0e2154e,a436b31b-6a24-4016-a393-22de443ff46e,TIKTOK,https://tiktok.com/@thanhthanh,1274748,5.6,2025-11-15 06:10:39
d446126c-863d-4805-aeb8-a1726db46747,a436b31b-6a24-4016-a393-22de443ff46e,YOUTUBE,https://youtube.com/@thanhthanh,14370741,6.83,2025-06-10 19:45:31
0cdc9ec7-a27d-4ac7-9438-75adfb667ddb,a436b31b-6a24-4016-a393-22de443ff46e,INSTAGRAM,https://instagram.com/@thanhthanh,10951175,11.99,2025-11-10 08:10:15
98738a0e-466c-4760-8ba3-42efb66685a6,0122cff2-9f99-4c9b-a4b7-83daa69adf10,TIKTOK,https://tiktok.com/@minhtú,2800237,5.17,2025-09-02 11:17:34
e50379eb-3556-45e2-af6a-9701726335a0,0122cff2-9f99-4c9b-a4b7-83daa69adf10,FACEBOOK,https://facebook.com/@minhtú,3596084,10.44,2025-11-23 05:41:18
4964f998-b3d6-4c0b-ae91-c0bf1479c70a,d995cb73-c2f7-4e31-9449-61d94d859a50,YOUTUBE,https://youtube.com/@tuấnhưng,46161,11.83,2025-07-22 11:56:08
f3ad9224-697d-4b85-b323-c6a405d3278e,d995cb73-c2f7-4e31-9449-61d94d859a50,FACEBOOK,https://facebook.com/@tuấnhưng,13164521,9.53,2025-07-26 09:21:27
26ea96a5-942c-4ee2-b774-fb9f7a2a0e39,1c821bfb-6922-4602-bcbb-87724fdc4dd2,FACEBOOK,https://facebook.com/@ngọctrinh,4987931,3.0,2025-06-12 08:33:06
2318f146-dfe2-4f47-b1a5-f96ef5b78260,1c821bfb-6922-4602-bcbb-87724fdc4dd2,TIKTOK,https://tiktok.com/@ngọctrinh,9727032,8.96,2025-06-12 20:04:58
0b2ef376-41b7-4b62-8877-a2e31dc9c3e1,1c821bfb-6922-4602-bcbb-87724fdc4dd2,INSTAGRAM,https://instagram.com/@ngọctrinh,12558947,4.11,2025-06-10 17:40:48
016cb923-3a61-43f4-a9a5-afd01b5d7bdd,34d39f44-0c51-41f6-91cf-a469a322064d,FACEBOOK,https://facebook.com/@sơntùng,8529948,1.42,2025-07-07 02:00:25
907d8e54-5565-4514-85e2-8e1bf0ab5a9f,34d39f44-0c51-41f6-91cf-a469a322064d,INSTAGRAM,https://instagram.com/@sơntùng,1159597,7.34,2025-10-10 02:43:06
c5c26fd8-019f-4421-bbeb-0b1e959f59ea,34d39f44-0c51-41f6-91cf-a469a322064d,TIKTOK,https://tiktok.com/@sơntùng,14468926,3.2,2025-06-24 06:42:43
b24d999e-42b2-4772-ae47-d4e4bc5d8ddb,34d39f44-0c51-41f6-91cf-a469a322064d,YOUTUBE,https://youtube.com/@sơntùng,14946542,7.05,2025-09-21 09:57:30
82a237f1-4300-40b0-b245-8f53f51c013b,4d6c3f3a-843f-4153-871d-92bfdc9d479a,TIKTOK,https://tiktok.com/@phươngly,11038891,7.21,2025-09-10 12:20:38
9644ab52-9134-4c60-948e-fcc0e389da92,4d6c3f3a-843f-4153-871d-92bfdc9d479a,INSTAGRAM,https://instagram.com/@phươngly,5317805,11.25,2025-07-10 15:55:00
e103f1e4-b0b2-462a-8863-997f7240fcd5,4d6c3f3a-843f-4153-871d-92bfdc9d479a,FACEBOOK,https://facebook.com/@phươngly,11246137,8.74,2025-07-17 08:21:25
236aa6ab-9c68-40c1-be39-0256fb7ad76f,4d6c3f3a-843f-4153-871d-92bfdc9d479a,YOUTUBE,https://youtube.com/@phươngly,4466272,5.05,2025-10-09 10:18:11
aca1abb0-b0bf-418f-90ec-e7ceee924a90,c24f16ba-0abd-4035-87fa-f0ad955be012,INSTAGRAM,https://instagram.com/@châubùi,166287,5.77,2025-09-18 07:44:25
a770c8ae-765b-4232-a1de-5ecb5bc0cbf8,c24f16ba-0abd-4035-87fa-f0ad955be012,YOUTUBE,https://youtube.com/@châubùi,1687407,1.34,2025-07-12 09:22:15
10d3e2a2-ec22-43d9-a6fa-ab381dac2579,c24f16ba-0abd-4035-87fa-f0ad955be012,FACEBOOK,https://facebook.com/@châubùi,8497336,3.55,2025-11-29 05:18:14
726c8c05-8f40-4b8c-aa9d-11e8464aa394,c24f16ba-0abd-4035-87fa-f0ad955be012,TIKTOK,https://tiktok.com/@châubùi,5865396,10.63,2025-11-18 17:41:46
0e6ddb6c-83b4-492a-926d-9965f799e1b8,11c18232-3db1-4468-a7ff-edffde50c30f,INSTAGRAM,https://instagram.com/@ninhdươnglanngọc,2656552,5.54,2025-09-14 11:34:45
d5dfe9f8-fbd9-40b9-aa29-b99d1f04e7cb,11c18232-3db1-4468-a7ff-edffde50c30f,YOUTUBE,https://youtube.com/@ninhdươnglanngọc,11813441,3.98,2025-11-04 17:21:30
16d18524-6bc6-420d-9441-36c0143a7f24,03eb7e07-9ea4-420f-b7e7-a1594d493bea,TIKTOK,https://tiktok.com/@huytrần,14742525,2.04,2025-06-23 09:56:11
3560382d-d851-4067-8946-8b3ffdfeccf7,03eb7e07-9ea4-420f-b7e7-a1594d493bea,INSTAGRAM,https://instagram.com/@huytrần,14936902,1.73,2025-09-16 10:12:32
78f86ac6-5abb-4965-b836-d6d6d74430cb,03eb7e07-9ea4-420f-b7e7-a1594d493bea,YOUTUBE,https://youtube.com/@huytrần,2617983,3.63,2025-09-26 10:42:40
d6134543-1b8e-4e70-b838-11301580c936,03eb7e07-9ea4-420f-b7e7-a1594d493bea,FACEBOOK,https://facebook.com/@huytrần,3543779,8.75,2025-07-10 12:49:56
f8290fe1-a268-403b-b40f-8e96abda5239,cf0fa35b-dedf-4e59-a5ee-ddf53ed83416,INSTAGRAM,https://instagram.com/@anphương,14205264,1.08,2025-10-02 03:58:47
3f43ef70-027c-45b8-bc01-51b3def408d8,cf0fa35b-dedf-4e59-a5ee-ddf53ed83416,FACEBOOK,https://facebook.com/@anphương,7116422,10.04,2025-06-09 13:27:33
f7e61602-05bf-4a0d-bc25-d055c6b20981,cf0fa35b-dedf-4e59-a5ee-ddf53ed83416,YOUTUBE,https://youtube.com/@anphương,69486,4.34,2025-06-26 09:39:49
ecb169b2-4178-4627-80e8-c6e5cfeb2833,cf0fa35b-dedf-4e59-a5ee-ddf53ed83416,TIKTOK,https://tiktok.com/@anphương,10698988,11.77,2025-07-02 09:01:35
c6a03e04-ee16-420d-a404-42fa8f903ab5,83f8aeaa-c860-4091-acee-b2b5db75a4d0,FACEBOOK,https://facebook.com/@khánhvy,1886932,1.37,2025-11-19 11:34:26
3b4e16c3-dc1c-4a1c-bf83-f3418f4fe59d,83f8aeaa-c860-4091-acee-b2b5db75a4d0,INSTAGRAM,https://instagram.com/@khánhvy,11603385,10.9,2025-09-14 22:38:06
8bdd86eb-3487-4b87-8f35-65f0a5ec0fd3,83f8aeaa-c860-4091-acee-b2b5db75a4d0,YOUTUBE,https://youtube.com/@khánhvy,614451,10.1,2025-09-22 02:41:28
c9ceddbf-fdd5-4fc6-89d9-600eba980b81,83f8aeaa-c860-4091-acee-b2b5db75a4d0,TIKTOK,https://tiktok.com/@khánhvy,9279832,2.2,2025-06-25 17:56:21
eb4e2573-7efc-41ad-8c79-706b92e331ed,5562b618-05ff-419e-b2df-b7b0c4bbe6a9,INSTAGRAM,https://instagram.com/@giangơi,13366715,11.68,2025-06-08 17:55:24
e68dcf73-66f4-4113-9010-40bdfe6c4449,5562b618-05ff-419e-b2df-b7b0c4bbe6a9,YOUTUBE,https://youtube.com/@giangơi,6013042,2.92,2025-07-19 10:53:34
c2359b4a-2e27-44e4-9ec9-c29136e29c7b,1bb44801-ec00-4572-a166-8975fd299cda,TIKTOK,https://tiktok.com/@pewpew,3981793,10.44,2025-11-03 07:44:37
3012222d-8cf7-4f4c-ad46-f66411a9dd9a,1bb44801-ec00-4572-a166-8975fd299cda,YOUTUBE,https://youtube.com/@pewpew,13612492,2.54,2025-08-20 01:25:52
cfc6c3db-6f44-4d97-a9e0-0665d2feb77d,1bb44801-ec00-4572-a166-8975fd299cda,INSTAGRAM,https://instagram.com/@pewpew,425846,2.56,2025-11-27 12:25:23
000bd328-c549-4b44-9f7e-f5d0055ae044,1bb44801-ec00-4572-a166-8975fd299cda,FACEBOOK,https://facebook.com/@pewpew,5583147,9.5,2025-08-19 22:43:20
73495a6e-0418-4429-a448-48582e567e80,4e0c6049-ba91-4435-a23a-f0b9cbd110da,YOUTUBE,https://youtube.com/@độmixi,6427985,10.53,2025-11-14 17:20:04
6502f9ef-0db0-4bd2-aada-00cc605db509,4e0c6049-ba91-4435-a23a-f0b9cbd110da,FACEBOOK,https://facebook.com/@độmixi,7906868,3.06,2025-11-06 13:34:09
b5c1169f-7839-4eb2-af43-37fd9f3cefcb,4e0c6049-ba91-4435-a23a-f0b9cbd110da,TIKTOK,https://tiktok.com/@độmixi,7732606,4.52,2025-11-07 07:58:36
3605f855-9331-416f-a83f-663e2e61994d,4e0c6049-ba91-4435-a23a-f0b9cbd110da,INSTAGRAM,https://instagram.com/@độmixi,13353683,10.52,2025-07-14 06:53:56
ed26756e-a72e-4b7a-a462-e4f0aecdd964,5149b466-0f81-4066-8e09-d9ae653af00f,YOUTUBE,https://youtube.com/@lêbống,5517321,3.7,2025-06-14 11:31:26
b791d540-1c50-4f77-b0ee-d034b3a02071,5149b466-0f81-4066-8e09-d9ae653af00f,FACEBOOK,https://facebook.com/@lêbống,12984268,3.71,2025-10-03 13:31:17
c0fb9a0a-a6bf-4367-9df4-7ee865175d78,df10ae18-81c8-433a-aa5b-b378db5666cb,FACEBOOK,https://facebook.com/@quỳnhtrần,1945113,10.59,2025-07-21 17:21:03
d22485a7-2bcd-45a4-82e5-0ae7c832ec68,df10ae18-81c8-433a-aa5b-b378db5666cb,INSTAGRAM,https://instagram.com/@quỳnhtrần,3005870,7.18,2025-07-22 13:09:46
518db65d-a066-49d5-a15d-57bdd45c4171,df10ae18-81c8-433a-aa5b-b378db5666cb,YOUTUBE,https://youtube.com/@quỳnhtrần,651849,1.75,2025-08-24 09:12:50
20a6671e-6649-4ba2-bd83-a978b72e6012,df10ae18-81c8-433a-aa5b-b378db5666cb,TIKTOK,https://tiktok.com/@quỳnhtrần,5809667,8.88,2025-07-31 21:50:32
f3f9d773-ff19-4783-9a49-ea198a1a2855,3b65390f-08c3-43a4-818b-a440580c60d6,TIKTOK,https://tiktok.com/@kol20,4283534,1.01,2025-08-24 16:10:31
d7794cc4-defe-40b9-87ac-8513791d0f4e,3b65390f-08c3-43a4-818b-a440580c60d6,YOUTUBE,https://youtube.com/@kol20,38374,6.48,2025-11-04 14:36:47
aaa5fbfb-495d-41ea-b755-55eb2d83231e,3b65390f-08c3-43a4-818b-a440580c60d6,FACEBOOK,https://facebook.com/@kol20,9043725,8.4,2025-11-30 13:56:37
1b6d2490-4360-4a62-b761-295186d5467c,4958726b-1980-4d36-adfb-c38eca74e19d,YOUTUBE,https://youtube.com/@sơntùngmtp(premium),11154059,11.09,2025-09-30 00:06:52
b377c1ac-ad70-40e7-90c7-e6bcfe156821,4958726b-1980-4d36-adfb-c38eca74e19d,FACEBOOK,https://facebook.com/@sơntùngmtp(premium),5276630,8.13,2025-06-25 04:47:45
26ec583b-1bb3-4830-ac47-0cad28c28814,4958726b-1980-4d36-adfb-c38eca74e19d,INSTAGRAM,https://instagram.com/@sơntùngmtp(premium),12085472,10.85,2025-09-07 11:21:43
60e92141-169e-4fea-bae0-6530b6e0d7fe,4958726b-1980-4d36-adfb-c38eca74e19d,TIKTOK,https://tiktok.com/@sơntùngmtp(premium),5198935,8.17,2025-08-03 08:07:21
b2f43673-063b-4d2b-bedf-dcf91f144984,e9e2386b-12df-40e1-bf15-b223c2f20dcf,INSTAGRAM,https://instagram.com/@linhchi_bot_suspect,50000000,0.01,2025-02-09 01:39:39
a628b3be-3da3-487e-9c66-48fc9aea327c,83f8aeaa-c860-4091-acee-b2b5db75a4d0,TIKTOK,https://tiktok.com/@khanhvy_micro,500,35.0,2025-10-15 08:27:47
